{"train/loss":0.02156308134389472,"loss_function":"cross_entropy_loss","_step":10,"epoch":10,"final/val_loss":0.12610702119304468,"_wandb":{"runtime":58},"_runtime":58.0804635,"_timestamp":1.7721805641503403e+09,"final/train_loss":0.02156308134389472,"seed":44,"final/val_accuracy":0.9721666666666666,"train/accuracy":0.9926481481481482,"val/accuracy":0.9721666666666666,"val/loss":0.12610702119304468}