{"q2_9/gradient_plot":{"width":3080,"height":1100,"_type":"image-file","sha256":"9199e46eef4fd62fa1cfe44593aea9c3c55caed8a1afc258bdefdcdf370e8287","size":306634,"path":"media/images/q2_9/gradient_plot_50_9199e46eef4fd62fa1cf.png","format":"png"},"q2_9/zeros_mean_neuron_grad_std":5.505714157152952e-23,"q2_9/loss_plot":{"size":97953,"path":"media/images/q2_9/loss_plot_50_d59e59544ab7d99f6e93.png","format":"png","width":1760,"height":1100,"_type":"image-file","sha256":"d59e59544ab7d99f6e93444f498953c0b3b29dc4f633fa985fa81423d1ed50a5"},"_runtime":2,"q2_9/explanation":"With zero initialization, neurons in a layer stay symmetric and receive identical updates, so they learn redundant features. Xavier breaks symmetry by starting neurons differently.","xavier/grad_neuron_3":0.00018886968807109303,"zeros/grad_neuron_5":1.9212377228893503e-05,"iteration":50,"zeros/grad_neuron_4":1.9212377228893503e-05,"_step":50,"xavier/grad_neuron_5":0.0002075276137512211,"xavier/grad_neuron_4":0.00017896805632687323,"zeros/grad_neuron_1":1.9212377228893503e-05,"zeros/loss":2.235726776150486,"zeros/grad_neuron_3":1.9212377228893503e-05,"zeros/grad_neuron_2":1.9212377228893503e-05,"xavier/grad_neuron_1":0.0003332979897492308,"xavier/loss":1.797371857815502,"_wandb":{"runtime":2},"q2_9/xavier_mean_neuron_grad_std":5.926568009906037e-05,"_timestamp":1.7727200981538587e+09,"xavier/grad_neuron_2":0.00017928507633750723}