{"test/accuracy":0.9301,"best_val_accuracy":0.9465,"test_accuracy":0.9301,"_runtime":103,"epoch":15,"test/loss":0.2501213369677352,"_wandb":{"runtime":103},"val/loss":0.2713018797843092,"val/accuracy":0.9261666666666667,"_step":15,"test_loss":0.2501213369677352,"train/accuracy":0.9378703703703704,"_timestamp":1.77278329627986e+09,"train/loss":0.214818853821297}