{"train/accuracy":0.9950555555555556,"val/loss":0.10728506556929072,"test_accuracy":0.976,"_step":10,"epoch":10,"best_val_accuracy":0.9688333333333333,"_wandb":{"runtime":29},"val/accuracy":0.9688333333333333,"test_loss":0.08300029341896163,"test/loss":0.08300029341896163,"_runtime":29,"_timestamp":1.7721613283664682e+09,"train/loss":0.018063548358290937,"test/accuracy":0.976}