{"seed":42,"_timestamp":1.772180780710459e+09,"final/val_accuracy":0.9723333333333334,"loss_function":"mse_loss","_wandb":{"runtime":64},"final/val_loss":0.004518226139646835,"val/accuracy":0.9723333333333334,"_step":10,"train/loss":0.0015606271592028286,"_runtime":64.4153281,"final/train_loss":0.0015606271592028286,"train/accuracy":0.9906296296296296,"epoch":10,"val/loss":0.004518226139646835}