{"_step":5,"val/accuracy":0.9611666666666666,"best_val_accuracy":0.9611666666666666,"test_loss":0.11411152868313044,"test_accuracy":0.9644,"_runtime":87,"train/loss":0.08665644432088365,"train/accuracy":0.9728333333333333,"test/accuracy":0.9644,"_timestamp":1.772131453442097e+09,"val/loss":0.13386638923093883,"epoch":5,"_wandb":{"runtime":87},"test/loss":0.11411152868313044}