{"train/loss":0.18574346127265615,"best_val_accuracy":0.951,"_runtime":9,"val/accuracy":0.9453333333333334,"val/loss":0.2235092373461451,"test/loss":0.2530010419656358,"_step":5,"train/accuracy":0.9507037037037037,"test/accuracy":0.9407,"test_loss":0.2530010419656358,"test_accuracy":0.9407,"_wandb":{"runtime":9},"_timestamp":1.7721286689348557e+09,"epoch":5}