{"_wandb":{"runtime":169},"epoch":15,"train/loss":0.2965903520316581,"val/accuracy":0.916,"_step":15,"test/accuracy":0.913,"test/loss":0.3419295127920841,"_runtime":169,"val/loss":0.3442382167995964,"best_val_accuracy":0.9403333333333334,"test_loss":0.3419295127920841,"_timestamp":1.772162392018838e+09,"train/accuracy":0.9217222222222222,"test_accuracy":0.913}