{"val/accuracy":0.943,"test/loss":0.17662966500935492,"test_loss":0.17662966500935492,"test_accuracy":0.9481,"val/loss":0.1959864910625223,"epoch":10,"best_val_accuracy":0.943,"_runtime":22,"_timestamp":1.772782124945532e+09,"train/accuracy":0.9517592592592593,"test/accuracy":0.9481,"_wandb":{"runtime":22},"_step":10,"train/loss":0.16983952103993014}