{"final_train_loss":0.3376947594542506,"_step":10,"architecture":"3_hidden_layers_x_128_neurons_relu","train/loss":0.3376947594542506,"val/loss":0.35595977628087627,"_timestamp":1.7728105037307196e+09,"optimizer":"momentum","epoch":10,"final_val_loss":0.35595977628087627,"_wandb":{"runtime":55},"_runtime":55.9839359}