{"train/accuracy":0.9528888888888889,"_step":5,"val/loss":0.21145412888070647,"test_loss":0.19608461348707848,"_timestamp":1.772131022775581e+09,"test/loss":0.19608461348707848,"epoch":5,"best_val_accuracy":0.9426666666666667,"_wandb":{"runtime":9},"test_accuracy":0.9455,"test/accuracy":0.9455,"_runtime":9,"train/loss":0.17288007647624992,"val/accuracy":0.9426666666666667}