{"_wandb":{"runtime":558},"epoch":15,"val/accuracy":0.09483333333333334,"test/accuracy":0.1032,"_runtime":558,"train/accuracy":0.0997962962962963,"val/loss":2.7590569554077873,"_timestamp":1.7721373876021464e+09,"_step":15,"test/loss":2.7434225078665095,"train/loss":2.745904371296331,"best_val_accuracy":0.1175,"test_loss":2.7434225078665095,"test_accuracy":0.1032}