{"best_val_accuracy":0.9705,"_step":5,"test/loss":0.10697295589447349,"_runtime":10,"val/loss":0.12439479346563434,"_timestamp":1.7721328430904214e+09,"test_accuracy":0.9667,"train/loss":0.054058392144207684,"val/accuracy":0.9645,"epoch":5,"test_loss":0.10697295589447349,"_wandb":{"runtime":10},"train/accuracy":0.9822037037037037,"test/accuracy":0.9667}