{"train/accuracy":0.11235185185185186,"test/loss":2.2949992558518164,"val/loss":2.2953709668294016,"_timestamp":1.7727820831182134e+09,"_step":10,"epoch":10,"test/accuracy":0.1135,"best_val_accuracy":0.11266666666666666,"test_loss":2.2949992558518164,"test_accuracy":0.1135,"val/accuracy":0.1125,"_wandb":{"runtime":172},"train/loss":2.295535846255294,"_runtime":172}