{"val/accuracy":0.9828333333333333,"_wandb":{"runtime":913},"test/accuracy":0.9825,"_step":15,"train/loss":0.0007812884220893013,"test_accuracy":0.9825,"train/accuracy":0.9999814814814815,"epoch":15,"best_val_accuracy":0.9833333333333333,"_runtime":913,"_timestamp":1.772135685662001e+09,"test/loss":0.06334337445432325,"val/loss":0.06544602113292525,"test_loss":0.06334337445432325}