{"_timestamp":1.772128777650716e+09,"best_val_accuracy":0.19,"test_loss":2.2900522102821483,"_runtime":21,"test/accuracy":0.1985,"train/loss":2.2907108676150107,"test_accuracy":0.1985,"train/accuracy":0.19292592592592592,"val/loss":2.2902452322512126,"_step":10,"_wandb":{"runtime":21},"val/accuracy":0.19,"test/loss":2.2900522102821483,"epoch":10}