{"_step":10,"val/loss":0.004095532732412871,"epoch":10,"_wandb":{"runtime":72},"_runtime":72.8971101,"_timestamp":1.7721809451978335e+09,"final/train_loss":0.0016205847610886253,"loss_function":"mse_loss","train/loss":0.0016205847610886253,"val/accuracy":0.974,"train/accuracy":0.990537037037037,"final/val_loss":0.004095532732412871,"final/val_accuracy":0.974,"seed":44}