{"L3_N128/sigmoid/val_loss":0.10182852816162047,"L3_N128/sigmoid/grad_norm_w1":0.1704330654592739,"L5_N128/relu/grad_norm_w1":0.45669404816583015,"plots/grad_norm_w1_relu_vs_sigmoid":{"path":"media/images/plots/grad_norm_w1_relu_vs_sigmoid_10_094950568b6a7066ec49.png","format":"png","width":1980,"height":2310,"_type":"image-file","sha256":"094950568b6a7066ec496cfc5008341ff3ef7b0aaf48d2c44b079f0721934709","size":192655},"L2_N128/sigmoid/val_loss":0.09244229483444337,"L3_N128/sigmoid/train_loss":0.024562088630548352,"L3_N128/relu/grad_norm_w1":0.4006978176289934,"observation_note":"No clear vanishing-gradient signal in this run.","_wandb":{"runtime":377},"L5_N128/sigmoid/grad_norm_w1":0.2904612060976612,"L5_N128/sigmoid/val_loss":0.11709881903312763,"L2_N128/sigmoid/grad_norm_w1":0.1318514160884624,"L2_N128/sigmoid/train_loss":0.028956775139974435,"vanishing_gradient_observed":false,"_runtime":377,"L2_N128/relu/grad_norm_w1":0.30410441979375397,"L5_N128/sigmoid/train_loss":0.039253956832823816,"vanishing_gradient_summary":{"log_mode":"IMMUTABLE","_latest_artifact_path":"wandb-client-artifact://sopv5dffsto363114xrnyrcru26cpng7z94s4v3hdkdg2jvkqwd72undpsxkrfmn238ke4o8msqxee1fht5i0ia6d6brt8vodllqt60p4u1e0elj12xbgu34kknwn5z9:latest/vanishing_gradient_summary.table.json","nrows":3,"size":510,"artifact_path":"wandb-client-artifact://yx04sxvwl86vuvpzoinh5os8o3vp57s5erxfl2vwy7sbsgl64900neyc6f3yvdtgh4q7aq40m2tv4c6vbdu1oe6gxxr86pehba8fa58brzemu1xo2z3jbopip8uf3e9g/vanishing_gradient_summary.table.json","_type":"table-file","ncols":7,"path":"media/table/vanishing_gradient_summary_11_985d85951d70c58c2cee.table.json","sha256":"985d85951d70c58c2cee3060a9a23011aafc114978e493cff33a6365279fbda1"},"_timestamp":1.7721247905001535e+09,"L3_N128/relu/val_loss":0.10767260737408532,"L2_N128/relu/val_loss":0.09937964700541141,"L5_N128/relu/train_loss":0.013539667033913483,"L2_N128/relu/train_loss":0.010980663425742363,"L3_N128/relu/train_loss":0.02078099887942411,"_step":11,"L5_N128/relu/val_loss":0.08961507369566178}