{"val/accuracy":0.9428333333333333,"train/loss":0.1365021233447431,"test_accuracy":0.9511,"test/loss":0.1862671063034681,"epoch":15,"best_val_accuracy":0.9486666666666667,"_step":15,"test/accuracy":0.9511,"test_loss":0.1862671063034681,"_wandb":{"runtime":79},"train/accuracy":0.9588148148148148,"_timestamp":1.7727833950915213e+09,"_runtime":79,"val/loss":0.20653766604206852}