{"architecture":"3_hidden_layers_x_128_neurons_relu","final_val_loss":0.1407330438675645,"_timestamp":1.7721143420713756e+09,"_runtime":35.0497956,"epoch":10,"_wandb":{"runtime":35},"final_train_loss":0.10874467657715785,"_step":10,"optimizer":"nesterov","val/loss":0.1407330438675645,"train/loss":0.10874467657715785}