{"_step":10,"train/loss":0.33745814672561636,"_runtime":53.322487100000004,"val/loss":0.35574798459031753,"epoch":10,"_wandb":{"runtime":53},"optimizer":"sgd","final_train_loss":0.33745814672561636,"_timestamp":1.7728099654922893e+09,"architecture":"3_hidden_layers_x_128_neurons_relu","final_val_loss":0.35574798459031753}