{"test/loss":0.4425852969433003,"val/loss":0.46564875157980296,"val/accuracy":0.8796666666666667,"_timestamp":1.7721318046537256e+09,"epoch":10,"best_val_accuracy":0.8796666666666667,"test_loss":0.4425852969433003,"_step":10,"test/accuracy":0.8905,"_runtime":14,"train/loss":0.4571151716560404,"train/accuracy":0.8832037037037037,"test_accuracy":0.8905,"_wandb":{"runtime":14}}