{"final/val_accuracy":0.9778333333333333,"_runtime":59.2655681,"train/accuracy":0.9970925925925926,"loss_function":"cross_entropy_loss","_timestamp":1.7721807057771173e+09,"val/accuracy":0.9778333333333333,"_wandb":{"runtime":59},"val/loss":0.10019749302906682,"seed":46,"final/val_loss":0.10019749302906682,"_step":10,"train/loss":0.009696642742377708,"epoch":10,"final/train_loss":0.009696642742377708}