{"train/loss":0.07578758147081685,"val/loss":0.10207809891191724,"best_val_accuracy":0.9663333333333334,"_runtime":70,"test_accuracy":0.9693,"val/accuracy":0.9658333333333333,"test/accuracy":0.9693,"test_loss":0.10636466436365147,"_wandb":{"runtime":70},"_timestamp":1.7721282569980752e+09,"_step":5,"train/accuracy":0.9763703703703703,"epoch":5,"test/loss":0.10636466436365147}