{"test/loss":0.1569923550769041,"_runtime":93,"best_val_accuracy":0.9653333333333334,"test/accuracy":0.9671,"test_loss":0.1569923550769041,"train/accuracy":0.9832777777777778,"test_accuracy":0.9671,"epoch":10,"train/loss":0.05788737422352672,"val/loss":0.15813406385633677,"val/accuracy":0.9653333333333334,"_timestamp":1.7727812386606157e+09,"_step":10,"_wandb":{"runtime":93}}