{"train/loss":0.06782130455011624,"val/accuracy":0.9681666666666666,"_runtime":10,"_step":5,"train/accuracy":0.9791851851851852,"val/loss":0.10957633496750431,"test/accuracy":0.9677,"best_val_accuracy":0.9696666666666667,"_wandb":{"runtime":10},"epoch":5,"test/loss":0.11266644492002013,"_timestamp":1.7721374704435697e+09,"test_accuracy":0.9677,"test_loss":0.11266644492002013}