{"_wandb":{"runtime":59},"val/loss":0.09481994735649836,"val/accuracy":0.9761666666666666,"loss_function":"cross_entropy_loss","_step":10,"train/accuracy":0.9953703703703703,"_runtime":59.6934319,"_timestamp":1.7721804963326073e+09,"train/loss":0.014022196090012089,"seed":43,"final/val_loss":0.09481994735649836,"final/val_accuracy":0.9761666666666666,"epoch":10,"final/train_loss":0.014022196090012089}