{"train/loss":0.3376947594542506,"final_val_loss":0.35595977628087627,"epoch":10,"_timestamp":1.7728100322911503e+09,"val/loss":0.35595977628087627,"final_train_loss":0.3376947594542506,"_wandb":{"runtime":50},"architecture":"3_hidden_layers_x_128_neurons_relu","_step":10,"optimizer":"momentum","_runtime":50.2724634}