{"epoch":10,"best_val_accuracy":0.9471666666666667,"test_loss":0.25310676506535845,"_step":10,"val/loss":0.26476852413833424,"test_accuracy":0.9267,"val/accuracy":0.9211666666666667,"test/accuracy":0.9267,"test/loss":0.25310676506535845,"_timestamp":1.772783174907362e+09,"train/accuracy":0.9302962962962963,"_wandb":{"runtime":131},"_runtime":131,"train/loss":0.24532797215617924}