{"_timestamp":1.77218101227306e+09,"seed":45,"train/accuracy":0.9909814814814815,"final/val_loss":0.0035549817742580227,"final/val_accuracy":0.9781666666666666,"_runtime":60.0485335,"epoch":10,"loss_function":"mse_loss","train/loss":0.0014795407015078912,"val/accuracy":0.9781666666666666,"_step":10,"_wandb":{"runtime":60},"val/loss":0.0035549817742580227,"final/train_loss":0.0014795407015078912}