{"val/accuracy":0.9696666666666667,"final/val_loss":0.004708166196996057,"epoch":10,"seed":43,"val/loss":0.004708166196996057,"_step":10,"train/accuracy":0.9872962962962963,"loss_function":"mse_loss","final/val_accuracy":0.9696666666666667,"_runtime":68.1944339,"_timestamp":1.7721808645650096e+09,"train/loss":0.0019845154725660003,"final/train_loss":0.0019845154725660003,"_wandb":{"runtime":68}}