{"val/loss":0.1407330438675645,"final_train_loss":0.10874467657715785,"final_val_loss":0.1407330438675645,"epoch":10,"_step":10,"train/loss":0.10874467657715785,"architecture":"3_hidden_layers_x_128_neurons_relu","_timestamp":1.7728100969556599e+09,"_runtime":53.9969086,"optimizer":"nesterov","_wandb":{"runtime":53}}